0,1.1851818561553955,6.0,-121.9986,2019-03-19 16:55:44
0,1.1851427555084229,6.0,-121.9986,2019-03-19 16:55:44
0,1.1851036548614502,6.0,-121.9986,2019-03-19 16:55:44
0,1.1850645542144775,6.0,-121.9986,2019-03-19 16:55:44
0,1.1850255727767944,6.0,-121.9986,2019-03-19 16:55:44
0,1.1849874258041382,6.0,-121.9986,2019-03-19 16:55:44
0,1.184949278831482,6.0,-121.9986,2019-03-19 16:55:44
0,1.1849111318588257,6.0,-121.9986,2019-03-19 16:55:44
0,1.184873104095459,6.0,-121.9986,2019-03-19 16:55:44
0,1.1848359107971191,6.0,-121.9986,2019-03-19 16:55:44
0,1.1847987174987793,6.0,-121.9986,2019-03-19 16:55:44
0,1.1847615242004395,6.0,-121.9986,2019-03-19 16:55:44
0,1.1847244501113892,6.0,-121.9986,2019-03-19 16:55:44
0,1.1846882104873657,6.0,-121.9986,2019-03-19 16:55:44
0,1.1846519708633423,6.0,-121.9986,2019-03-19 16:55:44
0,1.1846157312393188,6.0,-121.9986,2019-03-19 16:55:44
0,1.1845794916152954,6.0,-121.9986,2019-03-19 16:55:44
0,1.1845442056655884,6.0,-121.9986,2019-03-19 16:55:44
0,1.1845089197158813,6.0,-121.9986,2019-03-19 16:55:45
0,1.1844736337661743,6.0,-121.9986,2019-03-19 16:55:45
0,1.1844383478164673,6.0,-121.9986,2019-03-19 16:55:45
0,1.1844037771224976,6.0,-121.9986,2019-03-19 16:55:45
0,1.184369444847107,6.0,-121.9986,2019-03-19 16:55:45
0,1.1843351125717163,6.0,-121.9986,2019-03-19 16:55:45
0,1.1843007802963257,6.0,-121.9986,2019-03-19 16:55:45
0,1.1842669248580933,6.0,-121.9986,2019-03-19 16:55:45
0,1.184233546257019,6.0,-121.9986,2019-03-19 16:55:45
0,1.1842001676559448,6.0,-121.9986,2019-03-19 16:55:45
0,1.1841667890548706,6.0,-121.9986,2019-03-19 16:55:45
0,1.1841334104537964,6.0,-121.9986,2019-03-19 16:55:45
0,1.1841009855270386,6.0,-121.9986,2019-03-19 16:55:45
0,1.1840685606002808,6.0,-121.9986,2019-03-19 16:55:45
0,1.184036135673523,6.0,-121.9986,2019-03-19 16:55:45
0,1.1840037107467651,6.0,-121.9986,2019-03-19 16:55:45
0,1.1839717626571655,6.0,-121.9986,2019-03-19 16:55:45
0,1.1839402914047241,6.0,-121.9986,2019-03-19 16:55:45
0,1.1839088201522827,6.0,-121.9986,2019-03-19 16:55:45
0,1.1838773488998413,6.0,-121.9986,2019-03-19 16:55:45
0,1.1838458776474,6.0,-121.9986,2019-03-19 16:55:45
0,1.1838152408599854,6.0,-121.9986,2019-03-19 16:55:45
0,1.1837847232818604,6.0,-121.9986,2019-03-19 16:55:45
0,1.1837542057037354,6.0,-121.9986,2019-03-19 16:55:45
0,1.1837236881256104,6.0,-121.9986,2019-03-19 16:55:45
0,1.183693289756775,6.0,-121.9986,2019-03-19 16:55:45
0,1.1836637258529663,6.0,-121.9986,2019-03-19 16:55:45
0,1.1836341619491577,6.0,-121.9986,2019-03-19 16:55:45
0,1.1836045980453491,6.0,-121.9986,2019-03-19 16:55:45
0,1.1835750341415405,6.0,-121.9986,2019-03-19 16:55:45
0,1.183545708656311,6.0,-121.9986,2019-03-19 16:55:45
0,1.1835170984268188,6.0,-121.9986,2019-03-19 16:55:45
0,1.1834884881973267,6.0,-121.9986,2019-03-19 16:55:45
0,1.1834598779678345,6.0,-121.9986,2019-03-19 16:55:45
0,1.1834312677383423,6.0,-121.9986,2019-03-19 16:55:45
0,1.1834027767181396,6.0,-121.9986,2019-03-19 16:55:45
0,1.1833751201629639,6.0,-121.9986,2019-03-19 16:55:45
0,1.183347463607788,6.0,-121.9986,2019-03-19 16:55:45
0,1.1833198070526123,6.0,-121.9986,2019-03-19 16:55:45
0,1.1832921504974365,6.0,-121.9986,2019-03-19 16:55:45
0,1.1832644939422607,6.0,-121.9986,2019-03-19 16:55:45
0,1.1832377910614014,6.0,-121.9986,2019-03-19 16:55:45
0,1.183211088180542,6.0,-121.9986,2019-03-19 16:55:45
0,1.1831843852996826,6.0,-121.9986,2019-03-19 16:55:45
0,1.1831576824188232,6.0,-121.9986,2019-03-19 16:55:45
0,1.1831309795379639,6.0,-121.9986,2019-03-19 16:55:45
0,1.1831048727035522,6.0,-121.9986,2019-03-19 16:55:45
0,1.1830791234970093,6.0,-121.9986,2019-03-19 16:55:45
0,1.1830533742904663,6.0,-121.9986,2019-03-19 16:55:45
0,1.1830276250839233,6.0,-121.9986,2019-03-19 16:55:45
0,1.1830018758773804,6.0,-121.9986,2019-03-19 16:55:45
0,1.1829761266708374,6.0,-121.9986,2019-03-19 16:55:45
0,1.1829513311386108,6.0,-121.9986,2019-03-19 16:55:45
0,1.1829265356063843,6.0,-121.9986,2019-03-19 16:55:45
0,1.1829017400741577,6.0,-121.9986,2019-03-19 16:55:46
0,1.1828769445419312,6.0,-121.9986,2019-03-19 16:55:46
0,1.1828521490097046,6.0,-121.9986,2019-03-19 16:55:46
0,1.1828275918960571,6.0,-121.9986,2019-03-19 16:55:46
0,1.182803750038147,6.0,-121.9986,2019-03-19 16:55:46
0,1.1827799081802368,6.0,-121.9986,2019-03-19 16:55:46
0,1.1827560663223267,6.0,-121.9986,2019-03-19 16:55:46
0,1.1827322244644165,6.0,-121.9986,2019-03-19 16:55:46
0,1.1827083826065063,6.0,-121.9986,2019-03-19 16:55:46
0,1.1826847791671753,6.0,-121.9986,2019-03-19 16:55:46
0,1.1826618909835815,6.0,-121.9986,2019-03-19 16:55:46
0,1.1826390027999878,6.0,-121.9986,2019-03-19 16:55:46
0,1.182616114616394,6.0,-121.9986,2019-03-19 16:55:46
0,1.1825932264328003,6.0,-121.9986,2019-03-19 16:55:46
0,1.1825703382492065,6.0,-121.9986,2019-03-19 16:55:46
0,1.1825474500656128,6.0,-121.9986,2019-03-19 16:55:46
0,1.1825255155563354,6.0,-121.9986,2019-03-19 16:55:46
0,1.182503581047058,6.0,-121.9986,2019-03-19 16:55:46
0,1.1824816465377808,6.0,-121.9986,2019-03-19 16:55:46
0,1.1824597120285034,6.0,-121.9986,2019-03-19 16:55:46
0,1.182437777519226,6.0,-121.9986,2019-03-19 16:55:46
0,1.1824158430099487,6.0,-121.9986,2019-03-19 16:55:46
0,1.1823943853378296,6.0,-121.9986,2019-03-19 16:55:46
0,1.1823734045028687,6.0,-121.9986,2019-03-19 16:55:46
0,1.1823524236679077,6.0,-121.9986,2019-03-19 16:55:46
0,1.1823314428329468,6.0,-121.9986,2019-03-19 16:55:46
0,1.1823104619979858,6.0,-121.9986,2019-03-19 16:55:46
0,1.182289481163025,6.0,-121.9986,2019-03-19 16:55:46
0,1.182268500328064,6.0,-121.9986,2019-03-19 16:55:46
0,1.1822482347488403,6.0,-121.9986,2019-03-19 16:55:46
0,1.1822282075881958,6.0,-121.9986,2019-03-19 16:55:46
0,1.1822081804275513,6.0,-121.9986,2019-03-19 16:55:46
0,1.1821881532669067,6.0,-121.9986,2019-03-19 16:55:46
0,1.1821681261062622,6.0,-121.9986,2019-03-19 16:55:46
0,1.1821480989456177,6.0,-121.9986,2019-03-19 16:55:46
0,1.1821280717849731,6.0,-121.9986,2019-03-19 16:55:46
0,1.1821086406707764,6.0,-121.9986,2019-03-19 16:55:46
0,1.1820895671844482,6.0,-121.9986,2019-03-19 16:55:46
0,1.1820704936981201,6.0,-121.9986,2019-03-19 16:55:46
0,1.182051420211792,6.0,-121.9986,2019-03-19 16:55:46
0,1.1820323467254639,6.0,-121.9986,2019-03-19 16:55:46
0,1.1820132732391357,6.0,-121.9986,2019-03-19 16:55:46
0,1.1819941997528076,6.0,-121.9986,2019-03-19 16:55:46
0,1.181975245475769,6.0,-121.9986,2019-03-19 16:55:46
0,1.1819571256637573,6.0,-121.9986,2019-03-19 16:55:46
0,1.1819390058517456,6.0,-121.9986,2019-03-19 16:55:46
0,1.1819208860397339,6.0,-121.9986,2019-03-19 16:55:46
0,1.1819027662277222,6.0,-121.9986,2019-03-19 16:55:46
0,1.1818846464157104,6.0,-121.9986,2019-03-19 16:55:46
0,1.1818665266036987,6.0,-121.9986,2019-03-19 16:55:46
0,1.181848406791687,6.0,-121.9986,2019-03-19 16:55:47
0,1.1818305253982544,6.0,-121.9986,2019-03-19 16:55:47
0,1.181813359260559,6.0,-121.9986,2019-03-19 16:55:47
0,1.1817961931228638,6.0,-121.9986,2019-03-19 16:55:47
0,1.1817790269851685,6.0,-121.9986,2019-03-19 16:55:47
0,1.1817618608474731,6.0,-121.9986,2019-03-19 16:55:47
0,1.1817446947097778,6.0,-121.9986,2019-03-19 16:55:47
0,1.1817275285720825,6.0,-121.9986,2019-03-19 16:55:47
0,1.1817103624343872,6.0,-121.9986,2019-03-19 16:55:47
0,1.181693196296692,6.0,-121.9986,2019-03-19 16:55:47
0,1.181676983833313,6.0,-121.9986,2019-03-19 16:55:47
0,1.181660771369934,6.0,-121.9986,2019-03-19 16:55:47
0,1.1816445589065552,6.0,-121.9986,2019-03-19 16:55:47
0,1.1816283464431763,6.0,-121.9986,2019-03-19 16:55:47
0,1.1816121339797974,6.0,-121.9986,2019-03-19 16:55:47
0,1.1815941333770752,6.0,-121.9986,2019-03-19 16:55:47
0,1.1815739870071411,6.0,-121.9986,2019-03-19 16:55:47
0,1.1815530061721802,5.999999999999999,-121.9986,2019-03-19 16:55:47
0,1.1815321445465088,5.999999999999999,-121.9986,2019-03-19 16:55:47
0,1.1815121173858643,5.999999999999999,-121.9986,2019-03-19 16:55:47
0,1.1814924478530884,5.999999999999999,-121.9986,2019-03-19 16:55:47
0,1.1814733743667603,5.999999999999997,-121.9986,2019-03-19 16:55:47
0,1.1814711093902588,5.999999999999997,-121.9986,2019-03-19 16:55:47
0,1.1816271543502808,5.9999999999999964,-121.9986,2019-03-19 16:55:47
0,1.1821948289871216,5.999999999999996,-121.9986,2019-03-19 16:55:47
0,1.183416485786438,5.999999999999993,-121.9986,2019-03-19 16:55:47
0,1.185505986213684,5.999999999999991,-121.9986,2019-03-19 16:55:47
0,1.1886953115463257,5.9999999999999885,-121.9986,2019-03-19 16:55:47
0,1.193239450454712,5.999999999999985,-121.9986,2019-03-19 16:55:47
0,1.1993613243103027,5.999999999999982,-121.9986,2019-03-19 16:55:47
0,1.207236647605896,5.999999999999976,-121.9986,2019-03-19 16:55:47
0,1.2170606851577759,5.999999999999972,-121.9986,2019-03-19 16:55:47
0,1.2290353775024414,5.999999999999966,-121.9986,2019-03-19 16:55:47
0,1.243330955505371,5.99999999999996,-121.9986,2019-03-19 16:55:47
0,1.26002037525177,5.999999999999955,-121.9986,2019-03-19 16:55:47
0,1.2791043519973755,5.999999999999948,-121.9986,2019-03-19 16:55:47
0,1.3005748987197876,5.999999999999941,-121.99859999999998,2019-03-19 16:55:47
0,1.3244307041168213,5.999999999999934,-121.99859999999998,2019-03-19 16:55:47
0,1.3506728410720825,5.999999999999926,-121.99859999999998,2019-03-19 16:55:47
0,1.3793020248413086,5.99999999999992,-121.99859999999998,2019-03-19 16:55:47
0,1.410318374633789,5.999999999999912,-121.99859999999998,2019-03-19 16:55:47
0,1.443721055984497,5.999999999999903,-121.99859999999997,2019-03-19 16:55:47
0,1.4795091152191162,5.999999999999895,-121.99859999999997,2019-03-19 16:55:47
0,1.5176818370819092,5.999999999999885,-121.99859999999997,2019-03-19 16:55:47
0,1.558237910270691,5.999999999999877,-121.99859999999993,2019-03-19 16:55:47
0,1.6011555194854736,5.9999999999998685,-121.99859999999993,2019-03-19 16:55:47
0,1.6462392807006836,5.999999999999861,-121.99859999999991,2019-03-19 16:55:47
0,1.693119764328003,5.999999999999853,-121.99859999999991,2019-03-19 16:55:47
0,1.7413898706436157,5.9999999999998455,-121.99859999999987,2019-03-19 16:55:47
0,1.790637731552124,5.999999999999839,-121.99859999999985,2019-03-19 16:55:47
0,1.840456247329712,5.999999999999833,-121.99859999999985,2019-03-19 16:55:48
0,1.8904407024383545,5.999999999999828,-121.99859999999984,2019-03-19 16:55:48
0,1.9401780366897583,5.999999999999823,-121.9985999999998,2019-03-19 16:55:48
0,1.9892592430114746,5.9999999999998215,-121.9985999999998,2019-03-19 16:55:48
0,2.037311315536499,5.999999999999819,-121.99859999999978,2019-03-19 16:55:48
0,2.0840342044830322,5.999999999999818,-121.99859999999978,2019-03-19 16:55:48
0,2.1291754245758057,5.999999999999818,-121.99859999999974,2019-03-19 16:55:48
0,2.172504425048828,5.999999999999818,-121.99859999999973,2019-03-19 16:55:48
0,2.2138211727142334,5.999999999999818,-121.99859999999973,2019-03-19 16:55:48
0,2.2530338764190674,5.999999999999819,-121.99859999999971,2019-03-19 16:55:48
0,2.290138006210327,5.9999999999998215,-121.99859999999971,2019-03-19 16:55:48
0,2.325143814086914,5.999999999999823,-121.99859999999967,2019-03-19 16:55:48
0,2.3580589294433594,5.999999999999825,-121.99859999999967,2019-03-19 16:55:48
0,2.3888885974884033,5.999999999999827,-121.99859999999966,2019-03-19 16:55:48
0,2.4176361560821533,5.99999999999983,-121.99859999999966,2019-03-19 16:55:48
0,2.4443206787109375,5.999999999999833,-121.99859999999966,2019-03-19 16:55:48
0,2.4690349102020264,5.999999999999836,-121.99859999999961,2019-03-19 16:55:48
0,2.4919214248657227,5.999999999999839,-121.99859999999961,2019-03-19 16:55:48
0,2.5131258964538574,5.999999999999843,-121.9985999999996,2019-03-19 16:55:48
0,2.532780885696411,5.999999999999847,-121.9985999999996,2019-03-19 16:55:48
0,2.5510058403015137,5.999999999999852,-121.9985999999996,2019-03-19 16:55:48
0,2.5679128170013428,5.999999999999856,-121.99859999999957,2019-03-19 16:55:48
0,2.583613157272339,5.999999999999862,-121.99859999999957,2019-03-19 16:55:48
0,2.598320484161377,5.999999999999868,-121.99859999999957,2019-03-19 16:55:48
0,2.61238169670105,5.999999999999873,-121.99859999999957,2019-03-19 16:55:48
0,2.626203775405884,5.99999999999988,-121.99859999999954,2019-03-19 16:55:48
0,2.6401824951171875,5.999999999999885,-121.99859999999954,2019-03-19 16:55:48
0,2.6546711921691895,5.999999999999893,-121.99859999999954,2019-03-19 16:55:48
0,2.669983386993408,5.999999999999901,-121.99859999999954,2019-03-19 16:55:48
0,2.6864054203033447,5.999999999999909,-121.99859999999954,2019-03-19 16:55:48
0,2.704200506210327,5.999999999999917,-121.99859999999954,2019-03-19 16:55:48
0,2.7236099243164062,5.999999999999926,-121.99859999999954,2019-03-19 16:55:48
0,2.7448606491088867,5.999999999999935,-121.99859999999954,2019-03-19 16:55:48
0,2.7681620121002197,5.999999999999945,-121.99859999999954,2019-03-19 16:55:48
0,2.793705463409424,5.999999999999955,-121.99859999999954,2019-03-19 16:55:48
0,2.8216392993927,5.999999999999965,-121.99859999999954,2019-03-19 16:55:48
0,2.852022886276245,5.999999999999975,-121.99859999999954,2019-03-19 16:55:48
0,2.884860038757324,5.999999999999987,-121.99859999999954,2019-03-19 16:55:48
0,2.92014217376709,5.9999999999999964,-121.99859999999954,2019-03-19 16:55:48
0,2.9578604698181152,6.000000000000008,-121.99859999999954,2019-03-19 16:55:49
0,2.9979872703552246,6.0000000000000195,-121.99859999999957,2019-03-19 16:55:49
0,3.040346622467041,6.00000000000003,-121.99859999999957,2019-03-19 16:55:49
0,3.0845894813537598,6.000000000000043,-121.99859999999957,2019-03-19 16:55:49
0,3.1303019523620605,6.000000000000055,-121.9985999999996,2019-03-19 16:55:49
0,3.1770682334899902,6.0000000000000675,-121.9985999999996,2019-03-19 16:55:49
0,3.2244722843170166,6.000000000000079,-121.99859999999961,2019-03-19 16:55:49
0,3.27209734916687,6.0000000000000915,-121.99859999999961,2019-03-19 16:55:49
0,3.319532632827759,6.000000000000102,-121.99859999999961,2019-03-19 16:55:49
0,3.3663620948791504,6.000000000000113,-121.99859999999966,2019-03-19 16:55:49
0,3.412188768386841,6.0000000000001235,-121.99859999999966,2019-03-19 16:55:49
0,3.4566988945007324,6.000000000000135,-121.99859999999967,2019-03-19 16:55:49
0,3.4996423721313477,6.000000000000144,-121.99859999999967,2019-03-19 16:55:49
0,3.540795087814331,6.000000000000153,-121.99859999999967,2019-03-19 16:55:49
0,3.5799641609191895,6.0000000000001625,-121.99859999999971,2019-03-19 16:55:49
0,3.6170566082000732,6.000000000000172,-121.99859999999971,2019-03-19 16:55:49
0,3.6520659923553467,6.000000000000179,-121.99859999999971,2019-03-19 16:55:49
0,3.685002326965332,6.000000000000189,-121.99859999999973,2019-03-19 16:55:49
0,3.715872049331665,6.000000000000198,-121.99859999999973,2019-03-19 16:55:49
0,3.7446796894073486,6.000000000000206,-121.99859999999974,2019-03-19 16:55:49
0,3.771427869796753,6.000000000000214,-121.99859999999974,2019-03-19 16:55:49
0,3.7961199283599854,6.000000000000222,-121.99859999999974,2019-03-19 16:55:49
0,3.8187594413757324,6.000000000000228,-121.99859999999978,2019-03-19 16:55:49
0,3.8393495082855225,6.000000000000236,-121.99859999999978,2019-03-19 16:55:49
0,3.8578927516937256,6.000000000000243,-121.99859999999978,2019-03-19 16:55:49
0,3.874391794204712,6.00000000000025,-121.9985999999998,2019-03-19 16:55:49
0,3.8888490200042725,6.000000000000256,-121.9985999999998,2019-03-19 16:55:49
0,3.90126633644104,6.000000000000261,-121.9985999999998,2019-03-19 16:55:49
0,3.9116461277008057,6.0000000000002665,-121.99859999999984,2019-03-19 16:55:49
0,3.919989585876465,6.000000000000273,-121.99859999999984,2019-03-19 16:55:49
0,3.9262986183166504,6.000000000000278,-121.99859999999984,2019-03-19 16:55:49
0,3.930574893951416,6.000000000000282,-121.99859999999984,2019-03-19 16:55:49
0,3.932819128036499,6.000000000000287,-121.99859999999985,2019-03-19 16:55:49
0,3.9330296516418457,6.000000000000291,-121.99859999999985,2019-03-19 16:55:49
0,3.9312055110931396,6.000000000000297,-121.99859999999985,2019-03-19 16:55:49
0,3.9273476600646973,6.000000000000301,-121.99859999999987,2019-03-19 16:55:49
0,3.9214587211608887,6.000000000000303,-121.99859999999987,2019-03-19 16:55:49
0,3.9135403633117676,6.000000000000307,-121.99859999999987,2019-03-19 16:55:49
0,3.903592824935913,6.000000000000311,-121.99859999999991,2019-03-19 16:55:49
0,3.8916175365448,6.0000000000003135,-121.99859999999991,2019-03-19 16:55:49
0,3.877612829208374,6.000000000000317,-121.99859999999991,2019-03-19 16:55:49
0,3.8615787029266357,6.000000000000319,-121.99859999999993,2019-03-19 16:55:49
0,3.8435163497924805,6.0000000000003215,-121.99859999999993,2019-03-19 16:55:49
0,3.8234362602233887,6.000000000000323,-121.99859999999993,2019-03-19 16:55:49
0,3.8013813495635986,6.000000000000324,-121.99859999999997,2019-03-19 16:55:49
0,3.7774696350097656,6.000000000000327,-121.99859999999997,2019-03-19 16:55:49
0,3.7518577575683594,6.0000000000003295,-121.99859999999997,2019-03-19 16:55:49
0,3.7247025966644287,6.00000000000033,-121.99859999999997,2019-03-19 16:55:49
0,3.6961469650268555,6.000000000000332,-121.99859999999998,2019-03-19 16:55:49
0,3.6663243770599365,6.000000000000334,-121.99859999999998,2019-03-19 16:55:49
0,3.6353566646575928,6.000000000000335,-121.99859999999998,2019-03-19 16:55:49
0,3.603358745574951,6.000000000000336,-121.9986,2019-03-19 16:55:50
0,3.5704352855682373,6.000000000000337,-121.9986,2019-03-19 16:55:50
0,3.536684036254883,6.000000000000338,-121.9986,2019-03-19 16:55:50
0,3.5021913051605225,6.000000000000338,-121.9986,2019-03-19 16:55:50
0,3.4670369625091553,6.000000000000339,-121.9986,2019-03-19 16:55:50
0,3.4312939643859863,6.000000000000339,-121.99860000000004,2019-03-19 16:55:50
0,3.395028591156006,6.00000000000034,-121.99860000000004,2019-03-19 16:55:50
0,3.358302354812622,6.00000000000034,-121.99860000000004,2019-03-19 16:55:50
0,3.321174383163452,6.000000000000342,-121.99860000000004,2019-03-19 16:55:50
0,3.2836999893188477,6.000000000000342,-121.99860000000004,2019-03-19 16:55:50
0,3.2459304332733154,6.000000000000343,-121.99860000000005,2019-03-19 16:55:50
0,3.207914113998413,6.000000000000344,-121.99860000000005,2019-03-19 16:55:50
0,3.16969633102417,6.000000000000344,-121.99860000000005,2019-03-19 16:55:50
0,3.131319284439087,6.000000000000346,-121.99860000000005,2019-03-19 16:55:50
0,3.092823028564453,6.000000000000347,-121.99860000000005,2019-03-19 16:55:50
0,3.05424427986145,6.000000000000348,-121.99860000000005,2019-03-19 16:55:50
0,3.015617847442627,6.000000000000352,-121.99860000000005,2019-03-19 16:55:50
0,2.976975440979004,6.000000000000354,-121.99860000000005,2019-03-19 16:55:50
0,2.9383468627929688,6.000000000000356,-121.99860000000005,2019-03-19 16:55:50
0,2.8997597694396973,6.00000000000036,-121.99860000000005,2019-03-19 16:55:50
0,2.8612401485443115,6.000000000000364,-121.9986000000001,2019-03-19 16:55:50
0,2.8228118419647217,6.000000000000369,-121.9986000000001,2019-03-19 16:55:50
0,2.784496784210205,6.000000000000374,-121.9986000000001,2019-03-19 16:55:50
0,2.7463159561157227,6.00000000000038,-121.9986000000001,2019-03-19 16:55:50
0,2.7082877159118652,6.0000000000003855,-121.9986000000001,2019-03-19 16:55:50
0,2.6704297065734863,6.000000000000392,-121.9986000000001,2019-03-19 16:55:50
0,2.6327576637268066,6.000000000000397,-121.9986000000001,2019-03-19 16:55:50
0,2.5952868461608887,6.000000000000404,-121.9986000000001,2019-03-19 16:55:50
0,2.558030843734741,6.0000000000004095,-121.9986000000001,2019-03-19 16:55:50
0,2.5210018157958984,6.000000000000415,-121.9986000000001,2019-03-19 16:55:50
0,2.4842114448547363,6.000000000000419,-121.9986000000001,2019-03-19 16:55:50
0,2.4476699829101562,6.000000000000424,-121.9986000000001,2019-03-19 16:55:50
0,2.411386728286743,6.000000000000427,-121.9986000000001,2019-03-19 16:55:50
0,2.375370740890503,6.00000000000043,-121.9986000000001,2019-03-19 16:55:50
0,2.339629650115967,6.000000000000432,-121.99860000000005,2019-03-19 16:55:50
0,2.3041696548461914,6.000000000000434,-121.99860000000005,2019-03-19 16:55:50
0,2.268996000289917,6.000000000000434,-121.99860000000005,2019-03-19 16:55:50
0,2.234114646911621,6.000000000000433,-121.99860000000005,2019-03-19 16:55:50
0,2.1995298862457275,6.000000000000432,-121.99860000000005,2019-03-19 16:55:50
0,2.16524600982666,6.00000000000043,-121.99860000000005,2019-03-19 16:55:50
0,2.1312665939331055,6.000000000000427,-121.99860000000005,2019-03-19 16:55:50
0,2.097594976425171,6.000000000000425,-121.99860000000004,2019-03-19 16:55:50
0,2.06423282623291,6.000000000000423,-121.99860000000004,2019-03-19 16:55:50
0,2.0311858654022217,6.000000000000419,-121.99860000000004,2019-03-19 16:55:50
0,1.9984748363494873,6.000000000000417,-121.99860000000004,2019-03-19 16:55:50
0,1.9661356210708618,6.000000000000414,-121.99860000000004,2019-03-19 16:55:50
0,1.9341987371444702,6.000000000000413,-121.99860000000004,2019-03-19 16:55:50
0,1.9026768207550049,6.00000000000041,-121.99860000000004,2019-03-19 16:55:50
0,1.8715659379959106,6.000000000000407,-121.99860000000004,2019-03-19 16:55:50
0,1.8408554792404175,6.000000000000406,-121.99860000000004,2019-03-19 16:55:50
0,1.81053626537323,6.000000000000404,-121.99860000000004,2019-03-19 16:55:50
0,1.780601978302002,6.0000000000004015,-121.99860000000004,2019-03-19 16:55:50
0,1.7510497570037842,6.000000000000398,-121.9986,2019-03-19 16:55:50
0,1.7218812704086304,6.000000000000394,-121.9986,2019-03-19 16:55:50
0,1.693102240562439,6.00000000000039,-121.9986,2019-03-19 16:55:50
0,1.664723515510559,6.0000000000003855,-121.9986,2019-03-19 16:55:50
0,1.6367541551589966,6.000000000000381,-121.9986,2019-03-19 16:55:50
0,1.609193205833435,6.000000000000376,-121.9986,2019-03-19 16:55:51
0,1.582031011581421,6.000000000000371,-121.9986,2019-03-19 16:55:51
0,1.555264949798584,6.000000000000367,-121.9986,2019-03-19 16:55:51
0,1.5289146900177002,6.0000000000003615,-121.9986,2019-03-19 16:55:51
0,1.503006100654602,6.000000000000356,-121.9986,2019-03-19 16:55:51
0,1.4775500297546387,6.000000000000352,-121.9986,2019-03-19 16:55:51
0,1.452545166015625,6.000000000000347,-121.9986,2019-03-19 16:55:51
0,1.4279872179031372,6.000000000000343,-121.9986,2019-03-19 16:55:51
0,1.4038828611373901,6.000000000000338,-121.9986,2019-03-19 16:55:51
0,1.3802498579025269,6.000000000000334,-121.9986,2019-03-19 16:55:51
0,1.3571155071258545,6.0000000000003295,-121.9986,2019-03-19 16:55:51
0,1.3345171213150024,6.000000000000324,-121.9986,2019-03-19 16:55:51
0,1.3124864101409912,6.0000000000003215,-121.9986,2019-03-19 16:55:51
0,1.291039228439331,6.000000000000317,-121.9986,2019-03-19 16:55:51
0,1.2701915502548218,6.000000000000312,-121.9986,2019-03-19 16:55:51
0,1.249983787536621,6.000000000000309,-121.9986,2019-03-19 16:55:51
0,1.2304521799087524,6.000000000000305,-121.9986,2019-03-19 16:55:51
0,1.2115898132324219,6.000000000000301,-121.9986,2019-03-19 16:55:51
0,1.1933640241622925,6.0000000000002975,-121.9986,2019-03-19 16:55:51
0,1.1757453680038452,6.000000000000294,-121.9986,2019-03-19 16:55:51
0,1.1587129831314087,6.0000000000002895,-121.9986,2019-03-19 16:55:51
0,1.142241358757019,6.000000000000287,-121.9986,2019-03-19 16:55:51
0,1.1263015270233154,6.000000000000284,-121.9986,2019-03-19 16:55:51
0,1.1108636856079102,6.000000000000279,-121.9986,2019-03-19 16:55:51
0,1.0958993434906006,6.000000000000276,-121.9986,2019-03-19 16:55:51
0,1.0813809633255005,6.000000000000272,-121.9986,2019-03-19 16:55:51
0,1.0672813653945923,6.0000000000002665,-121.99860000000004,2019-03-19 16:55:51
0,1.0535792112350464,6.000000000000261,-121.99860000000004,2019-03-19 16:55:51
0,1.0402666330337524,6.000000000000256,-121.99860000000004,2019-03-19 16:55:51
0,1.0273584127426147,6.00000000000025,-121.99860000000004,2019-03-19 16:55:51
0,1.0148814916610718,6.000000000000243,-121.99860000000005,2019-03-19 16:55:51
0,1.0028637647628784,6.000000000000236,-121.99860000000005,2019-03-19 16:55:51
0,0.9913266897201538,6.000000000000231,-121.99860000000005,2019-03-19 16:55:51
0,0.9802640080451965,6.000000000000225,-121.9986000000001,2019-03-19 16:55:51
0,0.9696314930915833,6.00000000000022,-121.9986000000001,2019-03-19 16:55:51
0,0.9593721032142639,6.000000000000215,-121.9986000000001,2019-03-19 16:55:51
0,0.9494433999061584,6.00000000000021,-121.9986000000001,2019-03-19 16:55:51
0,0.9398310780525208,6.000000000000203,-121.99860000000011,2019-03-19 16:55:51
0,0.9305424690246582,6.000000000000199,-121.99860000000011,2019-03-19 16:55:51
0,0.9215846657752991,6.000000000000194,-121.99860000000011,2019-03-19 16:55:51
0,0.9129508137702942,6.000000000000187,-121.99860000000011,2019-03-19 16:55:51
0,0.9046267867088318,6.000000000000181,-121.99860000000012,2019-03-19 16:55:52
0,0.8966007232666016,6.000000000000174,-121.99860000000012,2019-03-19 16:55:52
0,0.8888705968856812,5.999999999999512,-121.99860000000061,2019-03-19 16:55:52
0,0.8814452290534973,5.999999999968322,-121.99860000002417,2019-03-19 16:55:52
0,0.8743488788604736,5.99999999975351,-121.99860000019903,2019-03-19 16:55:52
0,0.8675973415374756,5.999999999029861,-121.99860000085104,2019-03-19 16:55:52
0,0.861190140247345,5.99999999737073,-121.99860000255977,2019-03-19 16:55:52
0,0.8551206588745117,5.999999994401282,-121.99860000618617,2019-03-19 16:55:52
0,0.8493734002113342,5.999999989949639,-121.99860001287566,2019-03-19 16:55:52
0,0.8439262509346008,5.999999984146432,-121.99860002406638,2019-03-19 16:55:52
0,0.8387529253959656,5.999999977471926,-121.99860004148799,2019-03-19 16:55:52
0,0.8338209390640259,5.999999970711189,-121.99860006704195,2019-03-19 16:55:52
0,0.8290970325469971,5.999999964850267,-121.99860010266148,2019-03-19 16:55:52
0,0.8245500922203064,5.999999960991553,-121.9986001502079,2019-03-19 16:55:52
0,0.8201552033424377,5.999999960320073,-121.99860021140232,2019-03-19 16:55:52
0,0.8158965706825256,5.9999999641024075,-121.99860028777819,2019-03-19 16:55:52
0,0.8117674589157104,5.999999973688394,-121.99860038064395,2019-03-19 16:55:52
0,0.8077673316001892,5.999999990506771,-121.9986004910428,2019-03-19 16:55:52
0,0.8039001226425171,6.000000016052741,-121.9986006197239,2019-03-19 16:55:52
0,0.8001739382743835,6.000000051862568,-121.99860076713358,2019-03-19 16:55:52
0,0.7966004610061646,6.000000099472793,-121.99860093341105,2019-03-19 16:55:52
0,0.7931918501853943,6.000000160373309,-121.99860111838868,2019-03-19 16:55:52
0,0.789957582950592,6.000000235960941,-121.9986013216097,2019-03-19 16:55:52
0,0.786905825138092,6.000000327510368,-121.9986015423839,2019-03-19 16:55:52
0,0.7840427160263062,6.000000436156151,-121.99860177985146,2019-03-19 16:55:52
0,0.7813685536384583,6.000000562868705,-121.99860203302295,2019-03-19 16:55:52
0,0.7788763046264648,6.000000708449045,-121.99860230082605,2019-03-19 16:55:52
0,0.7765558958053589,6.000000873552644,-121.99860258215773,2019-03-19 16:55:52
0,0.7743962407112122,6.000001058716884,-121.99860287592185,2019-03-19 16:55:52
0,0.7723863124847412,6.000001264383633,-121.99860318104915,2019-03-19 16:55:52
0,0.7705152630805969,6.00000149091699,-121.99860349650542,2019-03-19 16:55:52
0,0.7687727808952332,6.00000173861914,-121.99860382129623,2019-03-19 16:55:52
0,0.7671489715576172,6.000002007743882,-121.99860415446112,2019-03-19 16:55:52
0,0.7656347155570984,6.000002298506597,-121.99860449506652,2019-03-19 16:55:52
0,0.7642211318016052,6.0000026110894655,-121.9986048422012,2019-03-19 16:55:52
0,0.7628997564315796,6.000002945645355,-121.9986051949771,2019-03-19 16:55:52
0,0.7616627812385559,6.000003302299292,-121.99860555254088,2019-03-19 16:55:52
0,0.7605029940605164,6.0000036811524735,-121.99860591408495,2019-03-19 16:55:52
0,0.7594138979911804,6.000004082286286,-121.99860627885829,2019-03-19 16:55:52
0,0.7583898305892944,6.000004505764982,-121.9986066461674,2019-03-19 16:55:52
0,0.7574252486228943,6.000004951641034,-121.99860701537003,2019-03-19 16:55:52
0,0.7565155625343323,6.0000054199562065,-121.9986073858718,2019-03-19 16:55:52
0,0.7556565403938293,6.000005910744233,-121.99860775711758,2019-03-19 16:55:52
0,0.7548444271087646,6.000006424034023,-121.99860812857877,2019-03-19 16:55:52
0,0.7540906071662903,6.000006959898936,-121.9986084997465,2019-03-19 16:55:52
0,0.7534916400909424,6.000007518866913,-121.99860887011258,2019-03-19 16:55:52
0,0.7532511949539185,6.000008102075222,-121.99860923913162,2019-03-19 16:55:52
0,0.753662645816803,6.0000087112276255,-121.99860960617909,2019-03-19 16:55:52
0,0.7550303339958191,6.0000093481103445,-121.99860997053786,2019-03-19 16:55:52
0,0.7576078176498413,6.000010014202257,-121.99861033142292,2019-03-19 16:55:52
0,0.7615262866020203,6.000010710185512,-121.99861068804033,2019-03-19 16:55:52
0,0.7668449282646179,6.000011436132927,-121.99861103960596,2019-03-19 16:55:52
0,0.7736432552337646,6.000012192070204,-121.9986113852838,2019-03-19 16:55:52
0,0.7820506691932678,6.000012978210447,-121.99861172414026,2019-03-19 16:55:52
0,0.7922288775444031,6.000013794886698,-121.99861205513629,2019-03-19 16:55:52
0,0.8043031692504883,6.000014642222109,-121.99861237720799,2019-03-19 16:55:52
0,0.818274736404419,6.000015519639476,-121.99861268942509,2019-03-19 16:55:52
0,0.8340154886245728,6.0000164258141275,-121.99861299107792,2019-03-19 16:55:52
0,0.8512710928916931,6.00001735879493,-121.9986132817229,2019-03-19 16:55:52
0,0.8696653246879578,6.000018316012852,-121.99861356124373,2019-03-19 16:55:52
0,0.8888702392578125,6.0000192950862665,-121.998613829564,2019-03-19 16:55:52
0,0.9087801575660706,6.000020294812582,-121.9986140861754,2019-03-19 16:55:52
0,0.9294030070304871,6.000021314701336,-121.99861433022728,2019-03-19 16:55:53
0,0.9507319927215576,6.00002235427492,-121.99861456083673,2019-03-19 16:55:53
0,0.9727371335029602,6.0000234129400685,-121.99861477716709,2019-03-19 16:55:53
0,0.9954125285148621,6.000024490174194,-121.99861497831277,2019-03-19 16:55:53
0,1.0188020467758179,6.000025585632476,-121.99861516321535,2019-03-19 16:55:53
0,1.043005347251892,6.000026699147855,-121.99861533060631,2019-03-19 16:55:53
0,1.0681672096252441,6.000027830668931,-121.99861547902452,2019-03-19 16:55:53
0,1.0944595336914062,6.000028980140018,-121.9986156068602,2019-03-19 16:55:53
0,1.1220582723617554,6.00003014735765,-121.9986157124519,2019-03-19 16:55:53
0,1.1511086225509644,6.000031331842076,-121.9986157942275,2019-03-19 16:55:53
0,1.1817086935043335,6.000032532738736,-121.99861585084966,2019-03-19 16:55:53
0,1.2139437198638916,6.00003374894677,-121.99861588110272,2019-03-19 16:55:53
0,1.2479236125946045,6.000034979286075,-121.99861588372464,2019-03-19 16:55:53
0,1.2837846279144287,6.000036222484449,-121.99861585735445,2019-03-19 16:55:53
0,1.3216450214385986,6.000037477066228,-121.99861580074199,2019-03-19 16:55:53
0,1.3616015911102295,6.000038741392972,-121.99861571281691,2019-03-19 16:55:53
0,1.4037532806396484,6.000040013712729,-121.99861559256927,2019-03-19 16:55:53
0,1.4481788873672485,6.000041292230711,-121.99861543914619,2019-03-19 16:55:53
0,1.4949066638946533,6.000042575075029,-121.99861525202118,2019-03-19 16:55:53
0,1.5438834428787231,6.000043860378077,-121.99861503117573,2019-03-19 16:55:53
0,1.5949840545654297,6.000045146349352,-121.99861477707323,2019-03-19 16:55:53
0,1.6480562686920166,6.0000464313568385,-121.99861449041765,2019-03-19 16:55:53
0,1.7029551267623901,6.000047713956998,-121.99861417191866,2019-03-19 16:55:53
0,1.759547233581543,6.000048992899046,-121.99861382222767,2019-03-19 16:55:53
0,1.8177088499069214,6.000050267060709,-121.99861344193585,2019-03-19 16:55:53
0,1.8773231506347656,6.000051535435361,-121.99861303157941,2019-03-19 16:55:53
0,1.9382824897766113,6.000052797132035,-121.99861259164075,2019-03-19 16:55:53
0,2.0004875659942627,6.000054051311164,-121.99861212254953,2019-03-19 16:55:53
0,2.0638468265533447,6.000055297176018,-121.99861162469118,2019-03-19 16:55:53
0,2.1282753944396973,6.000056533972701,-121.99861109842756,2019-03-19 16:55:53
0,2.193694591522217,6.00005776099015,-121.99861054409136,2019-03-19 16:55:53
0,2.260033369064331,6.000058977534438,-121.9986099620067,2019-03-19 16:55:53
0,2.327223062515259,6.000060182997311,-121.9986093524815,2019-03-19 16:55:53
0,2.395202875137329,6.000061376796209,-121.99860871581355,2019-03-19 16:55:53
0,2.463913679122925,6.0000625584256815,-121.99860805231238,2019-03-19 16:55:53
0,2.53330135345459,6.000063727431675,-121.99860736227785,2019-03-19 16:55:53
0,2.6033196449279785,6.00006488344581,-121.99860664598837,2019-03-19 16:55:53
0,2.6739253997802734,6.000066026155391,-121.9986059037056,2019-03-19 16:55:53
0,2.7450802326202393,6.000067155311975,-121.99860513569057,2019-03-19 16:55:53
0,2.8167474269866943,6.000068270701387,-121.99860434220147,2019-03-19 16:55:53
0,2.8888916969299316,6.000069372160853,-121.99860352350379,2019-03-19 16:55:53
0,2.9614784717559814,6.000070459583286,-121.99860267986776,2019-03-19 16:55:53
0,3.034475326538086,6.000071532921566,-121.9986018115426,2019-03-19 16:55:53
0,3.1078524589538574,6.000072592201397,-121.9986009187461,2019-03-19 16:55:53
0,3.1815834045410156,6.000073637538432,-121.9986000016598,2019-03-19 16:55:53
0,3.2556440830230713,6.000074669116862,-121.99859906043375,2019-03-19 16:55:53
0,3.330012321472168,6.000075687167994,-121.99859809519505,2019-03-19 16:55:53
0,3.4046664237976074,6.0000766919916755,-121.99859710605784,2019-03-19 16:55:53
0,3.479588508605957,6.0000776838963175,-121.99859609312055,2019-03-19 16:55:53
0,3.554762363433838,6.000078663233168,-121.99859505646648,2019-03-19 16:55:53
0,3.630173921585083,6.0000796303877415,-121.99859399617023,2019-03-19 16:55:54
0,3.705808401107788,6.000080585822655,-121.99859291229858,2019-03-19 16:55:54
0,3.7816321849823,6.000081530069065,-121.99859180500276,2019-03-19 16:55:54
0,3.8575387001037598,6.000082463863732,-121.99859067485185,2019-03-19 16:55:54
0,3.933316707611084,6.000083388131892,-121.99858952304167,2019-03-19 16:55:54
0,4.008656024932861,6.000084304012957,-121.99858835146942,2019-03-19 16:55:54
0,4.083237171173096,6.000085212637773,-121.99858716217456,2019-03-19 16:55:54
0,4.156771183013916,6.000086115111479,-121.99858595704035,2019-03-19 16:55:54
0,4.2289934158325195,6.0000870124107175,-121.99858473782517,2019-03-19 16:55:54
0,4.29965353012085,6.000087905469288,-121.99858350622706,2019-03-19 16:55:54
0,4.368520259857178,6.000088795075358,-121.99858226385155,2019-03-19 16:55:54
0,4.435400009155273,6.000089681939986,-121.99858101213502,2019-03-19 16:55:54
0,4.500201225280762,6.000090566722834,-121.99857975192813,2019-03-19 16:55:54
0,4.562922477722168,6.000091450109261,-121.99857848349899,2019-03-19 16:55:54
0,4.623577117919922,6.000092332810327,-121.99857720700264,2019-03-19 16:55:54
0,4.682176113128662,6.000093215528526,-121.99857592265876,2019-03-19 16:55:54
0,4.73872709274292,6.000094098974921,-121.99857463075166,2019-03-19 16:55:54
0,4.793238639831543,6.00009498384344,-121.99857333161076,2019-03-19 16:55:54
0,4.845717430114746,6.000095870862275,-121.99857202561081,2019-03-19 16:55:54
0,4.896169185638428,6.000096760673952,-121.99857071317604,2019-03-19 16:55:54
0,4.944598197937012,6.000097653929566,-121.99856939477381,2019-03-19 16:55:54
0,4.991011619567871,6.000098551245937,-121.99856807088433,2019-03-19 16:55:54
0,5.0354180335998535,6.00009945321419,-121.99856674201158,2019-03-19 16:55:54
0,5.077822685241699,6.00010036036548,-121.99856540867879,2019-03-19 16:55:54
0,5.118232727050781,6.000101273196694,-121.99856407143301,2019-03-19 16:55:54
0,5.156651020050049,6.000102192153313,-121.9985627308406,2019-03-19 16:55:54
0,5.193080902099609,6.00010311762942,-121.99856138748305,2019-03-19 16:55:54
0,5.22752571105957,6.000104049976264,-121.99856004192459,2019-03-19 16:55:54
0,5.259990215301514,6.000104989519389,-121.99855869474234,2019-03-19 16:55:54
0,5.29047966003418,6.000105936558642,-121.99855734652208,2019-03-19 16:55:54
0,5.318997383117676,6.000106891316763,-121.99855599783665,2019-03-19 16:55:54
0,5.345545768737793,6.000107853999361,-121.99855464929334,2019-03-19 16:55:54
0,5.370128631591797,6.00010882479491,-121.99855330149668,2019-03-19 16:55:54
0,5.392750263214111,6.000109803857616,-121.99855195509393,2019-03-19 16:55:54
0,5.413414478302002,6.000110791281716,-121.99855061076292,2019-03-19 16:55:54
0,5.432122707366943,6.0001117871357454,-121.99854926926164,2019-03-19 16:55:54
0,5.44888162612915,6.000112791419706,-121.99854793144294,2019-03-19 16:55:54
0,5.4636945724487305,6.000113804047927,-121.99854659823283,2019-03-19 16:55:54
0,5.476564884185791,6.000114824831933,-121.99854527061764,2019-03-19 16:55:54
0,5.4874958992004395,6.000115853514717,-121.9985439496397,2019-03-19 16:55:54
0,5.496492385864258,6.0001168897107595,-121.9985426363542,2019-03-19 16:55:54
0,5.503566265106201,6.000117932940312,-121.9985413317906,2019-03-19 16:55:54
0,5.508748531341553,6.000118982723621,-121.99854003699546,2019-03-19 16:55:54
0,5.512083530426025,6.0001200385295315,-121.99853875297671,2019-03-19 16:55:54
0,5.51361083984375,6.000121099689819,-121.99853748069908,2019-03-19 16:55:54
0,5.513365745544434,6.00012216544202,-121.99853622100683,2019-03-19 16:55:54
0,5.511353969573975,6.000123234903732,-121.99853497455888,2019-03-19 16:55:54
0,5.50753927230835,6.0001243069698145,-121.99853374167827,2019-03-19 16:55:54
0,5.5018534660339355,6.000125380552255,-121.99853252241674,2019-03-19 16:55:54
0,5.494245529174805,6.000126454700118,-121.99853131672252,2019-03-19 16:55:54
0,5.484705448150635,6.000127528659507,-121.99853012463875,2019-03-19 16:55:55
0,5.473237037658691,6.000128601787897,-121.99852894619984,2019-03-19 16:55:55
0,5.4598469734191895,6.0001296735112986,-121.9985277813843,2019-03-19 16:55:55
0,5.444538593292236,6.000130743315691,-121.99852663010594,2019-03-19 16:55:55
0,5.427315711975098,6.000131810747025,-121.99852549219683,2019-03-19 16:55:55
0,5.408180236816406,6.000132875376948,-121.99852436748466,2019-03-19 16:55:55
0,5.387136459350586,6.000133936759977,-121.998523255711,2019-03-19 16:55:55
0,5.364188194274902,6.000134994459196,-121.99852215657438,2019-03-19 16:55:55
0,5.339337348937988,6.000136047952018,-121.9985210697302,2019-03-19 16:55:55
0,5.312601089477539,6.000137096673018,-121.99851999481668,2019-03-19 16:55:55
0,5.284081935882568,6.000138139945405,-121.9985189317649,2019-03-19 16:55:55
0,5.2539544105529785,6.00013917693818,-121.99851788079023,2019-03-19 16:55:55
0,5.222413063049316,6.000140206708972,-121.99851684216831,2019-03-19 16:55:55
0,5.189629554748535,6.000141228186905,-121.99851581601975,2019-03-19 16:55:55
0,5.155725955963135,6.000142240266838,-121.99851480226188,2019-03-19 16:55:55
0,5.120813846588135,6.000143241817924,-121.99851380074125,2019-03-19 16:55:55
0,5.085036754608154,6.000144231632218,-121.9985128114183,2019-03-19 16:55:55
0,5.048591136932373,6.00014520816766,-121.99851183427582,2019-03-19 16:55:55
0,5.011715412139893,6.000146169676578,-121.9985108694258,2019-03-19 16:55:55
0,4.9746994972229,6.000147113965823,-121.99850991695436,2019-03-19 16:55:55
0,4.9378790855407715,6.000148038516693,-121.99850897695626,2019-03-19 16:55:55
0,4.9015793800354,6.000148940622019,-121.99850804936264,2019-03-19 16:55:55
0,4.8660993576049805,6.0001498177459665,-121.9985071339581,2019-03-19 16:55:55
0,4.8317131996154785,6.000150667267033,-121.9985062303636,2019-03-19 16:55:55
0,4.798675537109375,6.000151486820727,-121.99850533809678,2019-03-19 16:55:55
0,4.7672271728515625,6.000152274059689,-121.99850445655461,2019-03-19 16:55:55
0,4.7375898361206055,6.000153026859301,-121.99850358504801,2019-03-19 16:55:55
0,4.709968566894531,6.0001537432834215,-121.99850272270687,2019-03-19 16:55:55
0,4.684554576873779,6.000154421532981,-121.99850186860954,2019-03-19 16:55:55
0,4.661495685577393,6.000155060014517,-121.99850102167059,2019-03-19 16:55:55
0,4.640844821929932,6.000155657939866,-121.99850018066685,2019-03-19 16:55:55
0,4.622602462768555,6.000156214914942,-121.99849934430614,2019-03-19 16:55:55
0,4.606760025024414,6.00015673068274,-121.99849851119299,2019-03-19 16:55:55
0,4.593312740325928,6.000157205054783,-121.99849767990604,2019-03-19 16:55:55
0,4.582258224487305,6.000157637928268,-121.99849684898949,2019-03-19 16:55:55
0,4.573592185974121,6.000158029234657,-121.99849601697035,2019-03-19 16:55:55
0,4.567312240600586,6.000158378973952,-121.99849518237554,2019-03-19 16:55:55
0,4.563416481018066,6.0001586872146895,-121.99849434377514,2019-03-19 16:55:55
0,4.561902046203613,6.000158954093941,-121.99849349973057,2019-03-19 16:55:55
0,4.56276798248291,6.000159179817313,-121.99849264879464,2019-03-19 16:55:55
0,4.5659942626953125,6.0001593648131575,-121.99849178952879,2019-03-19 16:55:55
0,4.571537494659424,6.000159509646895,-121.99849092057197,2019-03-19 16:55:55
0,4.579378128051758,6.000159614918218,-121.99849004068375,2019-03-19 16:55:55
0,4.5895209312438965,6.000159680935537,-121.99848914871842,2019-03-19 16:55:55
0,4.601978302001953,6.000159708075799,-121.99848824368533,2019-03-19 16:55:55
0,4.616760730743408,6.000159696664552,-121.99848732479205,2019-03-19 16:55:55
0,4.633878707885742,6.00015964714728,-121.99848639142691,2019-03-19 16:55:55
0,4.653343200683594,6.000159559883795,-121.99848544316781,2019-03-19 16:55:55
0,4.67516565322876,6.000159435216782,-121.99848447973054,2019-03-19 16:55:55
0,4.699357509613037,6.0001592735574505,-121.99848350098578,2019-03-19 16:55:55
0,4.725926876068115,6.000159075299886,-121.99848250692501,2019-03-19 16:55:56
0,4.754879951477051,6.000158840769636,-121.99848149766885,2019-03-19 16:55:56
0,4.7862162590026855,6.000158570395048,-121.99848047341533,2019-03-19 16:55:56
0,4.819924831390381,6.000158264518804,-121.99847943443154,2019-03-19 16:55:56
0,4.855996608734131,6.000157923586387,-121.9984783810276,2019-03-19 16:55:56
0,4.8944268226623535,6.000157547940477,-121.99847731347054,2019-03-19 16:55:56
0,4.935214519500732,6.000157137838085,-121.99847623204464,2019-03-19 16:55:56
0,4.978357315063477,6.000156693656157,-121.99847513692215,2019-03-19 16:55:56
0,5.023843288421631,6.000156215651705,-121.99847402830123,2019-03-19 16:55:56
0,5.071615695953369,6.00015570442442,-121.99847290640582,2019-03-19 16:55:56
0,5.121507167816162,6.0001551611394115,-121.99847177163221,2019-03-19 16:55:56
0,5.173285961151123,6.000154587407277,-121.99847062457476,2019-03-19 16:55:56
0,5.226731777191162,6.000153984770077,-121.99846946567277,2019-03-19 16:55:56
0,5.2816314697265625,6.000153354735606,-121.99846829531394,2019-03-19 16:55:56
0,5.337780952453613,6.0001526988287885,-121.99846711375662,2019-03-19 16:55:56
0,5.394998550415039,6.0001520185060135,-121.99846592106117,2019-03-19 16:55:56
0,5.453113079071045,6.0001513153264785,-121.99846471705527,2019-03-19 16:55:56
0,5.511969089508057,6.000150591123518,-121.99846350132546,2019-03-19 16:55:56
0,5.57145881652832,6.000149848004618,-121.99846227323427,2019-03-19 16:55:56
0,5.631494522094727,6.000149088368539,-121.99846103200645,2019-03-19 16:55:56
0,5.691983699798584,6.000148314939585,-121.99845977693562,2019-03-19 16:55:56
0,5.752814769744873,6.0001475306648056,-121.99845850754798,2019-03-19 16:55:56
0,5.813864707946777,6.000146738594056,-121.99845722363683,2019-03-19 16:55:56
0,5.874994277954102,6.000145941742919,-121.9984559252883,2019-03-19 16:55:56
0,5.936037540435791,6.000145143144112,-121.99845461297613,2019-03-19 16:55:56
0,5.996829032897949,6.000144345573347,-121.9984532874412,2019-03-19 16:55:56
0,6.057229042053223,6.000143551617856,-121.99845194951902,2019-03-19 16:55:56
0,6.1171393394470215,6.000142763667834,-121.99845060012278,2019-03-19 16:55:56
0,6.176461219787598,6.000141983856463,-121.9984492402689,2019-03-19 16:55:56
0,6.235066890716553,6.0001412139828165,-121.99844787115524,2019-03-19 16:55:56
0,6.292789459228516,6.000140455417611,-121.99844649417639,2019-03-19 16:55:56
0,6.349407196044922,6.000139709051817,-121.99844511094368,2019-03-19 16:55:56
0,6.404664993286133,6.000138975288084,-121.99844372319711,2019-03-19 16:55:56
0,6.458309173583984,6.000138254186378,-121.99844233257339,2019-03-19 16:55:56
0,6.51011848449707,6.000137545678167,-121.99844094051971,2019-03-19 16:55:56
0,6.559921741485596,6.000136849643511,-121.99843954825933,2019-03-19 16:55:56
0,6.607638359069824,6.000136166193781,-121.99843815668805,2019-03-19 16:55:56
0,6.653265476226807,6.000135495723059,-121.9984367665812,2019-03-19 16:55:56
0,6.696815013885498,6.000134838711097,-121.99843537861065,2019-03-19 16:55:56
0,6.738297939300537,6.000134195500576,-121.99843399351725,2019-03-19 16:55:56
0,6.77772331237793,6.00013356636564,-121.99843261195568,2019-03-19 16:55:56
0,6.815097808837891,6.0001329514861945,-121.99843123468396,2019-03-19 16:55:56
0,6.8504319190979,6.000132350973613,-121.99842986235682,2019-03-19 16:55:56
0,6.883732318878174,6.000131764870728,-121.99842849562887,2019-03-19 16:55:56
0,6.915008068084717,6.000131193168974,-121.99842713515484,2019-03-19 16:55:56
0,6.9442667961120605,6.000130635765546,-121.99842578152048,2019-03-19 16:55:56
0,6.971512317657471,6.000130092566208,-121.99842443529431,2019-03-19 16:55:56
0,6.996751308441162,6.00012956339962,-121.99842309695877,2019-03-19 16:55:56
0,7.01999044418335,6.000129048085873,-121.99842176697899,2019-03-19 16:55:56
0,7.041235446929932,6.000128546427929,-121.99842044580288,2019-03-19 16:55:56
0,7.060488700866699,6.000128058203044,-121.9984191337751,2019-03-19 16:55:57
0,7.077755928039551,6.000127583188476,-121.9984178312229,2019-03-19 16:55:57
0,7.093039512634277,6.000127121212886,-121.99841653842196,2019-03-19 16:55:57
0,7.10634183883667,6.000126672036396,-121.99841525559629,2019-03-19 16:55:57
0,7.117668151855469,6.000126235470533,-121.99841398291812,2019-03-19 16:55:57
0,7.127020835876465,6.000125811326823,-121.99841272055973,2019-03-19 16:55:57
0,7.134404182434082,6.000125399408227,-121.99841146869346,2019-03-19 16:55:57
0,7.139820098876953,6.000124999534836,-121.9984102274054,2019-03-19 16:55:57
0,7.1432719230651855,6.0001246115181734,-121.99840899681618,2019-03-19 16:55:57
0,7.144762992858887,6.000124235204038,-121.99840777701193,2019-03-19 16:55:57
0,7.144295692443848,6.000123870421087,-121.99840656807878,2019-03-19 16:55:57
0,7.141873359680176,6.000123517049381,-121.99840537008566,2019-03-19 16:55:57
0,7.137497901916504,6.000123174926151,-121.99840418299813,2019-03-19 16:55:57
0,7.131169319152832,6.000122843931457,-121.99840300691953,2019-03-19 16:55:57
0,7.122889995574951,6.000122523936793,-121.99840184179816,2019-03-19 16:55:57
0,7.1126627922058105,6.000122214865057,-121.99840068763406,2019-03-19 16:55:57
0,7.100509166717529,6.000121916673413,-121.99839954444445,2019-03-19 16:55:57
0,7.086601734161377,6.000121630021521,-121.99839841271174,2019-03-19 16:55:57
0,7.071293830871582,6.000121356494277,-121.99839729365905,2019-03-19 16:55:57
0,7.05501127243042,6.000121098019254,-121.99839618875092,2019-03-19 16:55:57
0,7.038187026977539,6.000120856472629,-121.99839509936555,2019-03-19 16:55:57
0,7.02124547958374,6.000120633507831,-121.99839402672619,2019-03-19 16:55:57
0,7.004605770111084,6.0001204305812506,-121.99839297196988,2019-03-19 16:55:57
0,6.988654136657715,6.000120248720929,-121.99839193600975,2019-03-19 16:55:57
0,6.973714828491211,6.000120088209576,-121.99839091943157,2019-03-19 16:55:57
0,6.960006237030029,6.000119948241896,-121.998389922442,2019-03-19 16:55:57
0,6.947543621063232,6.000119826479095,-121.99838894462769,2019-03-19 16:55:57
0,6.9362382888793945,6.00011971969998,-121.99838798524772,2019-03-19 16:55:57
0,6.925980567932129,6.000119624434917,-121.99838704350965,2019-03-19 16:55:57
0,6.916663646697998,6.000119537385607,-121.99838611872431,2019-03-19 16:55:57
0,6.908188343048096,6.000119455776344,-121.99838521021978,2019-03-19 16:55:57
0,6.900461196899414,6.0001193772940375,-121.99838431749644,2019-03-19 16:55:57
0,6.893399238586426,6.000119300079648,-121.9983834400547,2019-03-19 16:55:57
0,6.886936187744141,6.000119222702485,-121.99838257748102,2019-03-19 16:55:57
0,6.881016254425049,6.00011914410024,-121.99838172948262,2019-03-19 16:55:57
0,6.87559175491333,6.000119063519018,-121.99838089573207,2019-03-19 16:55:57
0,6.870620250701904,6.000118980470499,-121.99838007609155,2019-03-19 16:55:57
0,6.866062164306641,6.000118894697674,-121.9983792705783,2019-03-19 16:55:57
0,6.861880779266357,6.000118806114871,-121.99837847924404,2019-03-19 16:55:57
0,6.858041763305664,6.000118714790629,-121.99837770245054,2019-03-19 16:55:57
0,6.85451078414917,6.000118620836315,-121.99837694047343,2019-03-19 16:55:57
0,6.851260185241699,6.000118524466109,-121.99837619372623,2019-03-19 16:55:57
0,6.848264694213867,6.000118425945584,-121.9983754626913,2019-03-19 16:55:57
0,6.845503807067871,6.000118325523185,-121.99837474774772,2019-03-19 16:55:57
0,6.842959403991699,6.000118223464488,-121.99837404930891,2019-03-19 16:55:57
0,6.8406147956848145,6.000118120017938,-121.998373367685,2019-03-19 16:55:57
0,6.8384575843811035,6.0001180154576765,-121.9983727031861,2019-03-19 16:55:57
0,6.8364739418029785,6.000117910015014,-121.99837205603623,2019-03-19 16:55:57
0,6.834651947021484,6.000117803886991,-121.99837142644205,2019-03-19 16:55:57
0,6.832981586456299,6.000117697287783,-121.99837081454142,2019-03-19 16:55:57
0,6.831453800201416,6.000117590388731,-121.99837022043774,2019-03-19 16:55:58
0,6.830057621002197,6.000117483352606,-121.99836964421712,2019-03-19 16:55:58
0,6.828785419464111,6.000117376333615,-121.99836908591399,2019-03-19 16:55:58
0,6.827627658843994,6.000117269460263,-121.99836854552841,2019-03-19 16:55:58
0,6.826577186584473,6.000117162869623,-121.99836802306035,2019-03-19 16:55:58
0,6.825624942779541,6.00011705665593,-121.99836751849257,2019-03-19 16:55:58
0,6.824764728546143,6.000116950939124,-121.9983670317734,2019-03-19 16:55:58
0,6.823989391326904,6.0001168458048735,-121.9983665628684,2019-03-19 16:55:58
0,6.8232927322387695,6.0001167413645495,-121.99836611176033,2019-03-19 16:55:58
0,6.822668552398682,6.000116637703824,-121.99836567834579,2019-03-19 16:55:58
0,6.822111129760742,6.000116534891232,-121.99836526265928,2019-03-19 16:55:58
0,6.821615219116211,6.000116433012442,-121.99836486451126,2019-03-19 16:55:58
0,6.821177005767822,6.000116332118858,-121.99836448395342,2019-03-19 16:55:58
0,6.820791244506836,6.000116232261881,-121.99836412088239,2019-03-19 16:55:58
0,6.820453643798828,6.00011613350148,-121.99836377528095,2019-03-19 16:55:58
0,6.820160865783691,6.000116035871923,-121.99836344706294,2019-03-19 16:55:58
0,6.81990909576416,6.00011593940748,-121.99836313619393,2019-03-19 16:55:58
0,6.819697380065918,6.000115844133849,-121.998362842605,2019-03-19 16:55:58
0,6.819525718688965,6.0001157500767315,-121.99836256617553,2019-03-19 16:55:58
0,6.819395542144775,6.000115657244697,-121.998362306716,2019-03-19 16:55:58
0,6.819308280944824,6.000115565629176,-121.99836206393358,2019-03-19 16:55:58
0,6.819266319274902,6.000115475221603,-121.99836183756983,2019-03-19 16:55:58
0,6.819270133972168,6.000115386013409,-121.99836162715951,2019-03-19 16:55:58
0,6.819319725036621,6.000115297961761,-121.99836143223754,2019-03-19 16:55:58
0,6.819415092468262,6.000115211058091,-121.99836125232149,2019-03-19 16:55:58
0,6.819554328918457,6.000115125250997,-121.99836108682561,2019-03-19 16:55:58
0,6.819735050201416,6.000115040506212,-121.99836093519859,2019-03-19 16:55:58
0,6.819937229156494,6.000114956789468,-121.9983607967857,2019-03-19 16:55:58
0,6.8199920654296875,6.000114874032228,-121.99836067055334,2019-03-19 16:55:58
0,6.819575786590576,6.0001147921316855,-121.99836055495086,2019-03-19 16:55:58
0,6.818347454071045,6.000114711010743,-121.99836044854833,2019-03-19 16:55:58
0,6.81599760055542,6.000114630600861,-121.99836035000197,2019-03-19 16:55:58
0,6.81225061416626,6.000114550833503,-121.99836025820913,2019-03-19 16:55:58
0,6.806865692138672,6.000114471588734,-121.998360172205,2019-03-19 16:55:58
0,6.799612045288086,6.000114392678077,-121.99836009102485,2019-03-19 16:55:58
0,6.790326118469238,6.000114313810256,-121.99836001403118,2019-03-19 16:55:58
0,6.7789835929870605,6.000114234591186,-121.99835994086224,2019-03-19 16:55:58
0,6.765657901763916,6.000114154472582,-121.99835987136294,2019-03-19 16:55:58
0,6.750464916229248,6.000114072769083,-121.99835980548157,2019-03-19 16:55:58
0,6.733543872833252,6.0001139885982875,-121.99835974304588,2019-03-19 16:55:58
0,6.715092182159424,6.000113900932154,-121.99835968388359,2019-03-19 16:55:58
0,6.695403099060059,6.000113808434232,-121.99835962771908,2019-03-19 16:55:58
0,6.674856185913086,6.000113709468223,-121.99835957410434,2019-03-19 16:55:58
0,6.653861999511719,6.000113602252191,-121.99835952216074,2019-03-19 16:55:58
0,6.632828235626221,6.000113484978499,-121.99835947038945,2019-03-19 16:55:58
0,6.612127780914307,6.000113356079385,-121.99835941658519,2019-03-19 16:55:58
0,6.5920867919921875,6.000113214286933,-121.99835935792251,2019-03-19 16:55:58
0,6.572995185852051,6.000113058693039,-121.99835929116252,2019-03-19 16:55:58
0,6.555114269256592,6.000112888800819,-121.99835921287674,2019-03-19 16:55:58
0,6.5386857986450195,6.000112704516036,-121.99835911951611,2019-03-19 16:55:58
0,6.523943901062012,6.000112506198504,-121.9983590075316,2019-03-19 16:55:59
0,6.511112213134766,6.000112294644953,-121.99835887359811,2019-03-19 16:55:59
0,6.5004072189331055,6.000112071149001,-121.99835871482131,2019-03-19 16:55:59
0,6.492021560668945,6.000111837543986,-121.99835852909928,2019-03-19 16:55:59
0,6.486059665679932,6.000111596280072,-121.9983583156568,2019-03-19 16:55:59
0,6.482565402984619,6.000111350235771,-121.99835807495903,2019-03-19 16:55:59
0,6.48158073425293,6.0001111025466045,-121.998357808522,2019-03-19 16:55:59
0,6.483103275299072,6.000110856330964,-121.99835751882668,2019-03-19 16:55:59
0,6.486979007720947,6.000110614390255,-121.99835720942208,2019-03-19 16:55:59
0,6.492863178253174,6.000110378634924,-121.99835688483927,2019-03-19 16:55:59
0,6.50034236907959,6.000110149938801,-121.99835654981607,2019-03-19 16:55:59
0,6.5089874267578125,6.000109928233352,-121.99835620869398,2019-03-19 16:55:59
0,6.5183634757995605,6.000109712858919,-121.99835586515997,2019-03-19 16:55:59
0,6.528034687042236,6.000109502830293,-121.99835552210831,2019-03-19 16:55:59
0,6.537569522857666,6.000109297085171,-121.99835518153756,2019-03-19 16:55:59
0,6.546585559844971,6.000109094664043,-121.99835484484322,2019-03-19 16:55:59
0,6.554935932159424,6.000108894847286,-121.99835451304169,2019-03-19 16:55:59
0,6.56265115737915,6.000108697180845,-121.99835418712979,2019-03-19 16:55:59
0,6.569791316986084,6.000108501270641,-121.9983538680084,2019-03-19 16:55:59
0,6.576406478881836,6.0001083068253935,-121.9983535564675,2019-03-19 16:55:59
0,6.582540512084961,6.000108113613794,-121.99835325307563,2019-03-19 16:55:59
0,6.588232040405273,6.000107921464503,-121.99835295828072,2019-03-19 16:55:59
0,6.593514442443848,6.000107730308982,-121.99835267254794,2019-03-19 16:55:59
0,6.598421096801758,6.000107540147237,-121.99835239617016,2019-03-19 16:55:59
0,6.60297966003418,6.00010735101353,-121.9983521294403,2019-03-19 16:55:59
0,6.607218265533447,6.000107163036369,-121.99835187254783,2019-03-19 16:55:59
0,6.6111626625061035,6.0001069763442585,-121.99835162566507,2019-03-19 16:55:59
0,6.614834785461426,6.000106791134239,-121.99835138892982,2019-03-19 16:55:59
0,6.618254661560059,6.000106607577651,-121.99835116249714,2019-03-19 16:55:59
0,6.62144136428833,6.0001064258801025,-121.9983509464532,2019-03-19 16:55:59
0,6.62441349029541,6.000106246264336,-121.99835074088409,2019-03-19 16:55:59
0,6.627187252044678,6.000106068970227,-121.9983505458932,2019-03-19 16:55:59
0,6.629777431488037,6.000105894194815,-121.9983503614978,2019-03-19 16:55:59
0,6.632198810577393,6.000105722160845,-121.99835018776675,2019-03-19 16:55:59
0,6.634463787078857,6.0001055530824905,-121.99835002470006,2019-03-19 16:55:59
0,6.636585235595703,6.000105387131092,-121.99834987228057,2019-03-19 16:55:59
0,6.638574600219727,6.000105224512258,-121.9983497305254,2019-03-19 16:55:59
0,6.640442848205566,6.000105065371626,-121.9983495993657,2019-03-19 16:55:59
0,6.642199516296387,6.0001049098805375,-121.99834947869806,2019-03-19 16:55:59
0,6.643852710723877,6.000104758176063,-121.99834936847085,2019-03-19 16:55:59
0,6.645411491394043,6.000104610352442,-121.99834926851177,2019-03-19 16:55:59
0,6.646885395050049,6.0001044664953405,-121.9983491786485,2019-03-19 16:55:59
0,6.648282527923584,6.000104326621897,-121.99834909863988,2019-03-19 16:55:59
0,6.649610996246338,6.0001041907492425,-121.9983490282447,2019-03-19 16:55:59
0,6.650877475738525,6.000104058825977,-121.99834896717006,2019-03-19 16:55:59
0,6.6520867347717285,6.00010393081783,-121.99834891507143,2019-03-19 16:55:59
0,6.653243064880371,6.000103806622001,-121.99834887167313,2019-03-19 16:55:59
0,6.654351234436035,6.00010368614425,-121.99834883657891,2019-03-19 16:55:59
0,6.655407428741455,6.000103569273206,-121.99834880946143,2019-03-19 16:55:59
0,6.656296253204346,6.000103455811829,-121.99834878975216,2019-03-19 16:55:59
0,6.6567230224609375,6.0001033453917385,-121.99834877657243,2019-03-19 16:56:00
0,6.656348705291748,6.000103237635987,-121.99834876899193,2019-03-19 16:56:00
0,6.654860019683838,6.0001031322018905,-121.9983487662354,2019-03-19 16:56:00
0,6.652037620544434,6.000103028849578,-121.99834876766535,2019-03-19 16:56:00
0,6.647902488708496,6.0001029275362106,-121.9983487730406,2019-03-19 16:56:00
0,6.64267635345459,6.000102828390293,-121.99834878246455,2019-03-19 16:56:00
0,6.636684417724609,6.000102731643139,-121.99834879624726,2019-03-19 16:56:00
0,6.630295753479004,6.000102637551754,-121.99834881462995,2019-03-19 16:56:00
0,6.623887062072754,6.000102546381718,-121.99834883793996,2019-03-19 16:56:00
0,6.617764472961426,6.000102458330069,-121.99834886640124,2019-03-19 16:56:00
0,6.6121344566345215,6.0001023734824805,-121.99834890003105,2019-03-19 16:56:00
0,6.607199668884277,6.00010229192462,-121.99834893881214,2019-03-19 16:56:00
0,6.603217601776123,6.000102213656488,-121.99834898279622,2019-03-19 16:56:00
0,6.600460052490234,6.0001021387466205,-121.9983490319488,2019-03-19 16:56:00
0,6.599183082580566,6.000102067143617,-121.99834908623546,2019-03-19 16:56:00
0,6.5996270179748535,6.000101998804642,-121.99834914557,2019-03-19 16:56:00
0,6.6020121574401855,6.000101933609755,-121.99834920979742,2019-03-19 16:56:00
0,6.606541156768799,6.000101871413319,-121.99834927877987,2019-03-19 16:56:00
0,6.613396644592285,6.000101812001159,-121.99834935224173,2019-03-19 16:56:00
0,6.62268590927124,6.000101755116265,-121.99834943002789,2019-03-19 16:56:00
0,6.634428977966309,6.00010170045879,-121.99834951181103,2019-03-19 16:56:00
0,6.648613929748535,6.000101647720327,-121.99834959728105,2019-03-19 16:56:00
0,6.665228366851807,6.000101596609591,-121.9983496861106,2019-03-19 16:56:00
0,6.684266090393066,6.00010154686101,-121.99834977809296,2019-03-19 16:56:00
0,6.705724716186523,6.000101498243272,-121.998349872918,2019-03-19 16:56:00
0,6.72960090637207,6.000101450533638,-121.99834997039619,2019-03-19 16:56:00
0,6.755889892578125,6.000101403560766,-121.99835007030363,2019-03-19 16:56:00
0,6.784584999084473,6.000101357187582,-121.99835017241625,2019-03-19 16:56:00
0,6.815659046173096,6.00010131126845,-121.9983502765274,2019-03-19 16:56:00
0,6.848910808563232,6.000101265709133,-121.99835038243029,2019-03-19 16:56:00
0,6.883962631225586,6.0001012204410955,-121.99835048986651,2019-03-19 16:56:00
0,6.920398235321045,6.000101175378663,-121.99835059854315,2019-03-19 16:56:00
0,6.957807540893555,6.000101130496138,-121.9983507083052,2019-03-19 16:56:00
0,6.995782852172852,6.000101085776389,-121.99835081896313,2019-03-19 16:56:00
0,7.033910274505615,6.000101041193708,-121.99835093034464,2019-03-19 16:56:00
0,7.071781635284424,6.000100996748101,-121.99835104232916,2019-03-19 16:56:00
0,7.108987808227539,6.000100952439566,-121.9983511547616,2019-03-19 16:56:00
0,7.145129203796387,6.000100908268102,-121.99835126760753,2019-03-19 16:56:00
0,7.179859638214111,6.000100864233712,-121.99835138076355,2019-03-19 16:56:00
0,7.212911605834961,6.000100820336392,-121.99835149414359,2019-03-19 16:56:00
0,7.244058132171631,6.000100776567579,-121.99835160776477,2019-03-19 16:56:00
0,7.273143768310547,6.000100732927271,-121.99835172155825,2019-03-19 16:56:00
0,7.300133228302002,6.000100689424033,-121.99835183550681,2019-03-19 16:56:00
0,7.325034141540527,6.000100646075002,-121.9983519496621,2019-03-19 16:56:00
0,7.347851753234863,6.0001006028801775,-121.99835206397245,2019-03-19 16:56:00
0,7.368593215942383,6.0001005598395585,-121.99835217845506,2019-03-19 16:56:00
0,7.387264728546143,6.000100516953146,-121.99835229310996,2019-03-19 16:56:00
0,7.403867244720459,6.0001004742380735,-121.9983524079544,2019-03-19 16:56:00
0,7.418403148651123,6.000100431685774,-121.99835252295387,2019-03-19 16:56:00
0,7.430878162384033,6.00010038931338,-121.99835263812562,2019-03-19 16:56:00
0,7.441295623779297,6.0001003471037615,-121.99835275345242,2019-03-19 16:56:01
0,7.449675559997559,6.000100305082616,-121.99835286891708,2019-03-19 16:56:01
0,7.456207752227783,6.000100263241378,-121.99835298455399,2019-03-19 16:56:01
0,7.461262226104736,6.000100221622882,-121.99835310038044,2019-03-19 16:56:01
0,7.465265274047852,6.000100180261395,-121.99835321641363,2019-03-19 16:56:01
0,7.468647480010986,6.000100139199755,-121.99835333267077,2019-03-19 16:56:01
0,7.471839904785156,6.000100098463659,-121.99835344920358,2019-03-19 16:56:01
0,7.475265026092529,6.000100058095945,-121.99835356597758,2019-03-19 16:56:01
0,7.479332447052002,6.000100018105178,-121.99835368302725,2019-03-19 16:56:01
0,7.484400272369385,6.000099978517061,-121.99835380035255,2019-03-19 16:56:01
0,7.4907546043396,6.0000999393315935,-121.99835391791905,2019-03-19 16:56:01
0,7.4986467361450195,6.000099900548775,-121.99835403572673,2019-03-19 16:56:01
0,7.508304119110107,6.000099862142905,-121.99835415377564,2019-03-19 16:56:01
0,7.519935131072998,6.000099824131116,-121.99835427203129,2019-03-19 16:56:01
0,7.5337138175964355,6.000099786462007,-121.99835439047644,2019-03-19 16:56:01
0,7.5495686531066895,6.000099749109879,-121.99835450905944,2019-03-19 16:56:01
0,7.567136287689209,6.000099712049026,-121.99835462772855,2019-03-19 16:56:01
0,7.585995674133301,6.000099675219484,-121.9983547465355,2019-03-19 16:56:01
0,7.605741024017334,6.000099638586983,-121.99835486534245,2019-03-19 16:56:01
0,7.625967502593994,6.000099602125822,-121.9983549841494,2019-03-19 16:56:01
0,7.646265029907227,6.000099565818867,-121.99835510295635,2019-03-19 16:56:01
0,7.666223526000977,6.000099529623283,-121.99835522176328,2019-03-19 16:56:01
0,7.685433387756348,6.000099493539071,-121.99835534057023,2019-03-19 16:56:01
0,7.703505992889404,6.000099457549094,-121.99835545925659,2019-03-19 16:56:01
0,7.720133304595947,6.000099421644788,-121.99835557792571,2019-03-19 16:56:01
0,7.735063076019287,6.000099385817585,-121.99835569652593,2019-03-19 16:56:01
0,7.748072624206543,6.000099350058918,-121.99835581505721,2019-03-19 16:56:01
0,7.759028434753418,6.000099314360221,-121.99835593355405,2019-03-19 16:56:01
0,7.7679123878479,6.000099278730058,-121.99835605194752,2019-03-19 16:56:01
0,7.774752616882324,6.000099243159865,-121.99835617034101,2019-03-19 16:56:01
0,7.779729843139648,6.000099207658209,-121.99835628859664,2019-03-19 16:56:01
0,7.783193588256836,6.000099172242222,-121.9983564068178,2019-03-19 16:56:01
0,7.785566329956055,6.0000991369119046,-121.99835652493563,2019-03-19 16:56:01
0,7.787285804748535,6.000099101692959,-121.99835664293285,2019-03-19 16:56:01
0,7.788742542266846,6.000099066585384,-121.99835676082671,2019-03-19 16:56:01
0,7.7901411056518555,6.000099031597747,-121.99835687858271,2019-03-19 16:56:01
0,7.791513919830322,6.000098996738616,-121.9983569962009,2019-03-19 16:56:01
0,7.792853832244873,6.000098962007988,-121.99835711366403,2019-03-19 16:56:01
0,7.794157028198242,6.0000989273973,-121.99835723097212,2019-03-19 16:56:01
0,7.79542350769043,6.000098892906549,-121.9983573481079,2019-03-19 16:56:01
0,7.79665470123291,6.000098858535736,-121.99835746507144,2019-03-19 16:56:01
0,7.797850608825684,6.000098824284863,-121.99835758187987,2019-03-19 16:56:01
0,7.799012660980225,6.000098790145358,-121.99835769851605,2019-03-19 16:56:01
0,7.80014181137085,6.000098756117227,-121.99835781494546,2019-03-19 16:56:01
0,7.801238536834717,6.000098722200465,-121.99835793120263,2019-03-19 16:56:01
0,7.802304744720459,6.000098688386508,-121.99835804728748,2019-03-19 16:56:01
0,7.803340435028076,6.000098654692488,-121.99835816316563,2019-03-19 16:56:01
0,7.804345607757568,6.000098621084138,-121.99835827887146,2019-03-19 16:56:01
0,7.8053202629089355,6.00009858758716,-121.99835839437056,2019-03-19 16:56:01
0,7.806268215179443,6.00009855418442,-121.9983585096629,2019-03-19 16:56:02
0,7.807188034057617,6.000098520884481,-121.99835862476576,2019-03-19 16:56:02
0,7.808080673217773,6.000098487678781,-121.99835873966188,2019-03-19 16:56:02
0,7.80894660949707,6.000098454558751,-121.99835885435121,2019-03-19 16:56:02
0,7.809786319732666,6.000098421541525,-121.99835896883387,2019-03-19 16:56:02
0,7.8105998039245605,6.000098388609969,-121.99835908310975,2019-03-19 16:56:02
0,7.8113884925842285,6.000098355764083,-121.99835919716166,2019-03-19 16:56:02
0,7.8121514320373535,6.000098323021,-121.99835931098958,2019-03-19 16:56:02
0,7.812889575958252,6.000098290363588,-121.99835942461081,2019-03-19 16:56:02
0,7.813603401184082,6.000098257791845,-121.99835953802527,2019-03-19 16:56:02
0,7.814293384552002,6.00009822531434,-121.998359651233,2019-03-19 16:56:02
0,7.81496000289917,6.000098192922505,-121.9983597641823,2019-03-19 16:56:02
0,7.815603733062744,6.000098160607774,-121.99835987690761,2019-03-19 16:56:02
0,7.816224575042725,6.000098128378712,-121.9983599894262,2019-03-19 16:56:02
0,7.816823959350586,6.000098096243886,-121.9983601017036,2019-03-19 16:56:02
0,7.81740140914917,6.000098064186164,-121.99836021377426,2019-03-19 16:56:02
0,7.817958354949951,6.000098032214112,-121.9983603256037,2019-03-19 16:56:02
0,7.81849479675293,6.000098000319164,-121.99836043719198,2019-03-19 16:56:02
0,7.819011211395264,6.000097968509883,-121.99836054857347,2019-03-19 16:56:02
0,7.819507598876953,6.0000979367862755,-121.9983606597138,2019-03-19 16:56:02
0,7.8199849128723145,6.000097905139769,-121.9983607706129,2019-03-19 16:56:02
0,7.820443153381348,6.000097873578933,-121.99836088127084,2019-03-19 16:56:02
0,7.820882797241211,6.000097842095201,-121.99836099172201,2019-03-19 16:56:02
0,7.821305274963379,6.000097810688571,-121.99836110191477,2019-03-19 16:56:02
0,7.821710109710693,6.000097779359043,-121.99836121188358,2019-03-19 16:56:02
0,7.822098255157471,6.000097748115187,-121.99836132161116,2019-03-19 16:56:02
0,7.822470188140869,6.000097716948432,-121.99836143111477,2019-03-19 16:56:02
0,7.8228254318237305,6.0000976858587824,-121.99836154035997,2019-03-19 16:56:02
0,7.823164939880371,6.000097654846235,-121.99836164938121,2019-03-19 16:56:02
0,7.823489189147949,6.00009762391079,-121.99836175816121,2019-03-19 16:56:02
0,7.823799133300781,6.000097593052447,-121.99836186670007,2019-03-19 16:56:02
0,7.824094772338867,6.000097562262643,-121.99836197499769,2019-03-19 16:56:02
0,7.824376106262207,6.00009753154994,-121.99836208307137,2019-03-19 16:56:02
0,7.824644088745117,6.000097500922907,-121.99836219090382,2019-03-19 16:56:02
0,7.824898719787598,6.000097470372976,-121.99836229847786,2019-03-19 16:56:02
0,7.825140476226807,6.000097439891585,-121.99836240582795,2019-03-19 16:56:02
0,7.8253703117370605,6.000097409487293,-121.99836251293681,2019-03-19 16:56:02
0,7.825587749481201,6.000097379160105,-121.9983626198045,2019-03-19 16:56:02
0,7.825793266296387,6.000097348901454,-121.99836272643095,2019-03-19 16:56:02
0,7.825987815856934,6.000097318719905,-121.99836283281624,2019-03-19 16:56:02
0,7.826171398162842,6.00009728861546,-121.99836293896034,2019-03-19 16:56:02
0,7.826344013214111,6.000097258579551,-121.99836304488045,2019-03-19 16:56:02
0,7.8265061378479,6.000097228620743,-121.99836315054215,2019-03-19 16:56:03
0,7.826659202575684,6.000097198730473,-121.99836325597985,2019-03-19 16:56:03
0,7.8268022537231445,6.000097168917306,-121.99836336117639,2019-03-19 16:56:03
0,7.826935768127441,6.000097139181241,-121.99836346613172,2019-03-19 16:56:03
0,7.827060699462891,6.000097109513713,-121.99836357084584,2019-03-19 16:56:03
0,7.827176570892334,6.000097079923288,-121.99836367533602,2019-03-19 16:56:03
0,7.82728385925293,6.000097050401399,-121.99836377958498,2019-03-19 16:56:03
0,7.827383041381836,6.000097020956612,-121.99836388357551,2019-03-19 16:56:03
0,7.827474117279053,6.000096991580362,-121.99836398734207,2019-03-19 16:56:03
0,7.82755708694458,6.0000969622726466,-121.99836409086745,2019-03-19 16:56:03
0,7.827632427215576,6.000096933042037,-121.99836419416886,2019-03-19 16:56:03
0,7.827701091766357,6.00009690387996,-121.99836429721182,2019-03-19 16:56:03
0,7.827762603759766,6.000096874786421,-121.99836440003084,2019-03-19 16:56:03
0,7.827816963195801,6.000096845769985,-121.99836450262586,2019-03-19 16:56:03
0,7.827864646911621,6.000096816822085,-121.9983646049797,2019-03-19 16:56:03
0,7.827906131744385,6.000096787942721,-121.99836470709235,2019-03-19 16:56:03
0,7.827941417694092,6.000096759140459,-121.99836480898102,2019-03-19 16:56:03
0,7.827970504760742,6.000096730406734,-121.99836491062851,2019-03-19 16:56:03
0,7.827993869781494,6.000096701741544,-121.99836501203478,2019-03-19 16:56:03
0,7.828011512756348,6.000096673144892,-121.99836511321709,2019-03-19 16:56:03
0,7.828023910522461,6.000096644625342,-121.99836521417545,2019-03-19 16:56:03
0,7.828030586242676,6.000096616174327,-121.99836531487537,2019-03-19 16:56:03
0,7.828032493591309,6.00009658779185,-121.99836541536853,2019-03-19 16:56:03
0,7.828029632568359,6.000096559477908,-121.99836551562049,2019-03-19 16:56:03
0,7.82802152633667,6.000096531232501,-121.99836561563127,2019-03-19 16:56:03
0,7.828009128570557,6.000096503055631,-121.99836571543534,2019-03-19 16:56:03
0,7.8279924392700195,6.000096474947296,-121.99836581499817,2019-03-19 16:56:03
0,7.827971458435059,6.000096446916065,-121.99836591431982,2019-03-19 16:56:03
0,7.8056111335754395,6.000095275524161,-121.99837007337275,1553011140.697194
0,7.8056111335754395,6.000095275524161,-121.99837007337275,1553011140.714153
0,7.8056111335754395,6.000095275524161,-121.99837007337275,1553011140.727326
0,7.8056111335754395,6.000095275524161,-121.99837007337275,1553011140.747204
0,7.8056111335754395,6.000095275524161,-121.99837007337275,1553011140.771526
0,7.8056111335754395,6.000095275524161,-121.99837007337275,1553011140.787443
0,7.8056111335754395,6.000095275524161,-121.99837007337275,1553011140.807301
0,7.8056111335754395,6.000095275524161,-121.99837007337275,1553011140.827453
0,7.8056111335754395,6.000095275524161,-121.99837007337275,1553011140.877014
0,7.8056111335754395,6.000095275524161,-121.99837007337275,1553011140.89217
0,7.8056111335754395,6.000095275524161,-121.99837007337275,1553011140.908614
0,7.8056111335754395,6.000095275524161,-121.99837007337275,1553011140.92269
0,7.8056111335754395,6.000095275524161,-121.99837007337275,1553011140.937474
0,7.8056111335754395,6.000095275524161,-121.99837007337275,1553011140.949117
0,7.8056111335754395,6.000095275524161,-121.99837007337275,1553011140.967331
0,7.8056111335754395,6.000095275524161,-121.99837007337275,1553011140.988773
0,7.8056111335754395,6.000095275524161,-121.99837007337275,1553011141.007199
0,7.8056111335754395,6.000095275524161,-121.99837007337275,1553011141.0273
0,7.8056111335754395,6.000095275524161,-121.99837007337275,1553011141.047154
0,7.8056111335754395,6.000095275524161,-121.99837007337275,1553011141.067434
0,7.8056111335754395,6.000095275524161,-121.99837007337275,1553011141.087092
0,7.8056111335754395,6.000095275524161,-121.99837007337275,1553011141.107354
0,7.8056111335754395,6.000095275524161,-121.99837007337275,1553011141.127255
0,7.8056111335754395,6.000095275524161,-121.99837007337275,1553011141.147193
0,7.8056111335754395,6.000095275524161,-121.99837007337275,1553011141.170439
0,7.8056111335754395,6.000095275524161,-121.99837007337275,1553011141.187487
0,7.8056111335754395,6.000095275524161,-121.99837007337275,1553011141.207232
0,7.8056111335754395,6.000095275524161,-121.99837007337275,1553011141.227361
0,7.8056111335754395,6.000095275524161,-121.99837007337275,1553011141.247266
0,7.8056111335754395,6.000095275524161,-121.99837007337275,1553011141.267153
0,7.8056111335754395,6.000095275524161,-121.99837007337275,1553011141.287172
0,7.8056111335754395,6.000095275524161,-121.99837007337275,1553011141.307181
0,7.8056111335754395,6.000095275524161,-121.99837007337275,1553011141.327751
0,7.8056111335754395,6.000095275524161,-121.99837007337275,1553011141.347408
0,7.8056111335754395,6.000095275524161,-121.99837007337275,1553011141.367495
0,7.8056111335754395,6.000095275524161,-121.99837007337275,1553011141.388192
0,7.8056111335754395,6.000095275524161,-121.99837007337275,1553011141.407367
0,7.8056111335754395,6.000095275524161,-121.99837007337275,1553011141.427569
0,7.8056111335754395,6.000095275524161,-121.99837007337275,1553011141.447378
0,7.8056111335754395,6.000095275524161,-121.99837007337275,1553011141.46734
0,7.8056111335754395,6.000095275524161,-121.99837007337275,1553011141.487344
0,7.8056111335754395,6.000095275524161,-121.99837007337275,1553011141.50728
0,7.8056111335754395,6.000095275524161,-121.99837007337275,1553011141.527414
0,7.8056111335754395,6.000095275524161,-121.99837007337275,1553011141.547334
0,7.8056111335754395,6.000095275524161,-121.99837007337275,1553011141.567495
0,7.8056111335754395,6.000095275524161,-121.99837007337275,1553011141.587718
